HorseName;Class;Number;J1;J2;J3;Year
ABADESSA;3;3;78,000;78,250;78,500;2011
ABAST;6;83;77,500;81,000;78,250;2017
ABAST;8;58;81,500;81,000;77,500;2016
ABBU;6;22;75,500;75,250;75,000;2011
ABDUL MB;10;15;74,000;75,500;73,000;2011
AFRICA TR;2;32;78,500;78,500;78,000;2013
AFRICA TR;2;21;77,500;77,500;76,500;2012
AIRE DEL NORD;12;16;72,500;73,750;72,500;2011
AKIRO YK;9;35;68,500;72,000;71,000;2012
ALAMO HP;8;99;82,000;84,000;81,000;2023
ALAMO HP;8;88;76,000;78,000;79,000;2019
ALAMO HP;8;77;81,000;79,500;78,500;2018
ALAMO HP;8;84;79,500;76,250;78,500;2017
ALBANO;12;87;0,000;0,000;0,000;2019
ALBANO;10;75;77,000;79,000;78,500;2018
ALBANO;10;82;74,500;75,250;75,750;2017
ALEGRE II;8;30;71,000;73,000;74,000;2012
ALEGRE II;13;20;72,500;73,000;72,500;2011
ALI YCR;6;40;75,500;75,000;77,000;2013
ALI YCR;4;32;74,000;77,500;75,000;2012
ALI YCR;3;21;76,500;78,000;76,500;2011
ALIFANYO;7;37;73,000;78,000;75,500;2013
ALIFANYO;1;33;77,500;79,000;78,000;2012
ALIFANYO;1;10;79,000;77,000;78,000;2011
ALIGOT SF;6;57;84,500;80,500;80,000;2016
ALIGOT SF;8;46;78,000;79,000;77,500;2014
ALIGOT SF;4;39;76,000;77,500;78,500;2013
ALIS SF;3;30;79,000;79,000;76,500;2013
ALLEGRET SV;7;29;71,000;75,000;73,500;2012
ALLEGRET SV;5;12;76,000;75,500;76,500;2011
ALMA II;4;34;76,000;78,000;78,000;2013
ALMA II;4;23;76,500;76,000;76,000;2012
ALPI FR;6;28;71,000;76,000;74,000;2012
ALPI FR;8;11;73,500;75,750;74,500;2011
ALTAYA ML;8;2;73,500;74,500;74,000;2011
ALTIMOR RASE;11;13;72,500;74,500;75,000;2011
AMAYA FG;9;44;0,000;0,000;0,000;2016
AMAYA FG;5;41;80,250;79,000;80,750;2015
AMAYA FG;10;36;75,500;76,250;79,000;2014
AMAYA FG;9;9;0,000;0,000;0,000;2011
AMELIA TB;5;5;76,000;77,500;75,500;2011
AMIGA FG;6;6;75,500;76,500;76,000;2011
AMOROS II;7;52;79,000;79,000;80,500;2015
ANCO;6;48;81,000;78,500;80,500;2015
ANCO;5;36;76,500;76,500;77,500;2013
ANCO;8;31;69,000;75,500;73,500;2012
ANCORA II;1;1;79,500;80,000;77,500;2011
ANDRONA SF;9;74;82,000;79,750;77,500;2019
ANDRONA SF;1;40;82,750;83,500;84,000;2015
ANDRONA SF;1;31;79,000;80,500;78,500;2013
ANDRONA SF;1;24;79,000;78,500;78,500;2012
ANDRONA SF;4;7;77,500;80,000;77,000;2011
ANELLA TB;5;43;83,500;80,000;82,000;2016
ANELLA TB;2;39;83,250;80,500;84,250;2015
ANELLA TB;3;35;80,000;81,250;79,500;2014
ANIBAL GEA;11;59;78,500;78,500;77,500;2016
ANIBAL GEA;9;50;79,500;77,000;77,500;2015
ANIBAL GEA;14;18;0,000;0,000;0,000;2011
ANIM GSM;7;17;75,000;76,000;74,500;2011
ANIT YCR;7;42;80,500;80,500;79,500;2016
ANIT YCR;5;33;76,500;77,500;76,500;2013
ANIT YCR;3;25;77,000;76,000;76,500;2012
ARC II;5;76;83,500;81,000;80,000;2018
ARC II;4;60;84,500;80,000;82,000;2016
ARC II;4;51;81,500;79,500;83,000;2015
ARC II;2;35;77,000;78,500;78,000;2013
ARC II;3;27;73,500;77,500;76,500;2012
ARCA YCR;2;4;79,000;79,000;77,000;2011
ARPA;5;22;72,500;79,500;75,000;2012
ARPA;7;8;75,500;76,500;75,000;2011
AS-DER;4;14;76,000;78,500;75,000;2011
ASTUT;2;49;84,000;82,000;81,000;2015
ASTUT;4;47;78,500;82,000;80,000;2014
ASTUT;1;38;79,500;78,500;78,500;2013
ASTUT;2;26;72,000;78,000;78,000;2012
ATRAM;9;23;75,500;73,000;75,000;2011
ATREVIT SR;6;41;74,500;76,500;76,500;2013
AVENC;10;56;80,000;78,000;78,500;2016
AVENC;11;47;0,000;0,000;0,000;2015
AVENC;11;45;72,000;79,500;79,000;2014
AVENC;3;42;78,000;77,500;77,000;2013
AVENC;5;34;72,000;76,500;77,000;2012
AVENC;2;19;78,000;77,750;77,500;2011
BADLANDS;4;11;81,500;76,000;74,000;2012
BALI JF;5;5;74,000;76,000;74,000;2012
BANDOLERA YSL;6;9;75,500;75,500;72,000;2012
BATUCA;7;16;75,500;76,000;77,000;2013
BATUCA;3;6;75,500;77,000;76,000;2012
BELTRAN TB;11;46;0,000;0,000;0,000;2015
BETZER;5;34;76,000;76,000;75,500;2014
BETZER;4;27;77,500;78,500;76,500;2013
BETZER;3;18;76,500;79,000;76,500;2012
BILI;4;89;81,500;79,500;78,000;2022
BINIFAELL;13;50;79,000;77,500;77,000;2016
BIOSFERA;7;3;72,500;75,000;70,500;2012
BISCUIT TP;6;21;72,500;75,500;76,000;2013
BISCUIT TP;2;10;78,000;77,000;77,500;2012
BLADE YCR;4;73;84,000;82,000;82,500;2018
BLADE YCR;2;70;83,000;83,000;83,250;2017
BLADE YCR;3;51;82,500;84,000;83,000;2016
BLADE YCR;1;29;81,000;82,500;79,500;2014
BLADE YCR;1;25;78,500;79,000;79,000;2013
BLADE YCR;7;12;75,500;78,000;74,000;2012
BLAKY YSG;6;33;74,500;75,500;75,000;2014
BOLERA;4;28;80,000;79,750;77,500;2014
BOLERA;4;20;76,500;78,000;78,500;2013
BOLIC HJ;5;23;76,500;77,500;77,000;2013
BOLIC HJ;6;14;76,000;76,500;77,000;2012
BOMBA SF;5;25;77,500;77,750;76,500;2014
BON SOMNI GSM;7;55;81,000;80,000;79,500;2016
BONA NIT SV;8;41;82,500;77,500;79,000;2016
BONA NIT SV;2;27;78,000;80,250;80,500;2014
BONA NIT SV;1;18;78,500;79,000;79,000;2013
BONA NIT SV;2;8;74,500;78,000;77,500;2012
BOY DE SON MORRO;17;71;77,000;73,500;73,250;2017
BOY DE SON MORRO;10;52;80,000;78,500;78,000;2016
BOY DE SON MORRO;8;22;73,000;74,000;75,500;2013
BOY DE SON MORRO;5;16;80,000;74,000;76,000;2012
BRACO ML;7;28;73,000;75,000;75,000;2013
BRACO ML;8;20;78,000;75,500;72,000;2012
BRETXA MM;6;15;76,500;78,000;77,000;2013
BREVA;8;2;0,000;0,000;0,000;2012
BRIEA TB;3;17;78,500;79,500;77,500;2013
BRILLANTE II;8;26;74,500;73,500;74,500;2013
BRILLANTINA LINARES;9;70;81,500;80,500;80,000;2021
BRILLANTINA LINARES;9;63;78,000;80,000;81,500;2018
BRILLANTINA LINARES;6;54;78,000;81,250;80,000;2017
BRILLANTINA LINARES;1;40;84,500;82,500;82,000;2016
BRILLANTINA LINARES;3;38;82,250;81,500;83,750;2015
BRILLANTINA LINARES;1;26;83,500;79,250;79,000;2014
BRILLANTINA LINARES;2;19;78,000;79,000;79,000;2013
BRILLANTINA LINARES;1;1;78,000;78,000;77,000;2012
BRINDIS GSM;1;80;85,500;86,500;86,000;2021
BRINDIS GSM;1;86;81,500;82,250;83,500;2019
BRINDIS GSM;1;73;88,500;82,750;83,000;2017
BRINDIS GSM;1;54;84,500;83,000;84,500;2016
BRINDIS GSM;1;45;83,000;85,000;83,500;2015
BRINDIS GSM;2;32;77,500;81,500;81,000;2014
BRINDIS GSM;2;24;77,500;77,500;78,500;2013
BRINDIS GSM;1;19;77,500;78,000;77,500;2012
BROCO II;4;30;74,500;79,000;75,500;2014
BRUCE DE BINISAFUA;5;79;83,500;82,500;84,500;2021
BRUCE DE BINISAFUA;7;85;77,500;79,500;78,500;2019
BRUCE DE BINISAFUA;6;74;82,500;79,000;81,000;2018
BRUCE DE BINISAFUA;10;72;81,500;77,500;78,750;2017
BRUCE DE BINISAFUA;6;53;81,500;82,500;81,000;2016
BRUCE DE BINISAFUA;3;44;82,500;80,000;82,000;2015
BRUCE DE BINISAFUA;3;31;75,500;79,500;75,000;2014
BRUCE DE BINISAFUA;3;29;77,500;78,000;77,500;2013
BRUIXA ST II;5;7;75,000;75,500;73,500;2012
BRUMA;3;24;78,000;79,750;80,500;2014
BRUMA;5;14;78,500;77,000;77,000;2013
BRUMA;4;4;75,000;76,500;76,000;2012
BUERET;9;13;74,000;75,000;73,500;2012
BURCANY;11;43;0,000;0,000;0,000;2015
BURCANY;9;15;76,000;74,000;72,500;2012
BURCANYO TR;10;17;75,000;73,500;73,000;2012
BUSCA SC;1;73;83,500;82,000;83,000;2019
BUSCA SC;2;62;82,500;84,250;83,000;2018
BUSCA SC;10;55;0,000;0,000;0,000;2017
CALIT;6;28;77,500;80,500;77,500;2015
CALITX;4;64;85,500;79,500;80,750;2017
CALITX;2;30;82,000;80,500;82,500;2015
CALOROS;4;78;84,000;84,500;84,500;2021
CALOROS;5;84;81,500;79,250;79,000;2019
CALOROS;6;69;82,000;80,250;79,500;2017
CALOROS;2;49;84,000;83,500;83,000;2016
CALVARIA TB;7;52;81,000;78,000;80,000;2017
CALVARIA TB;6;37;82,000;81,000;81,500;2016
CALVARIA TB;3;24;81,000;81,000;84,000;2015
CALVARIA TB;3;16;75,500;80,500;78,000;2014
CALVARIA TB;4;1;77,000;75,500;78,000;2013
CAMELIA TB;2;5;78,500;78,000;79,500;2013
CAPRITXOS SF;4;21;77,500;79,250;77,500;2014
CAPRITXOS SF;4;10;74,500;76,500;78,500;2013
CARAMELO LINARES;7;12;72,000;74,500;77,500;2013
CARIN HP II;9;37;78,500;77,500;74,000;2015
CARRY;16;66;75,500;74,500;75,500;2017
CARRY;3;32;79,000;79,500;78,000;2015
CASTRO GSM;7;68;82,000;80,250;79,250;2017
CASTRO GSM;1;23;81,500;79,500;80,000;2014
CASTRO GSM;2;9;78,500;78,500;77,500;2013
CAVA GSM;12;69;80,500;80,500;78,500;2021
CAVA GSM;3;72;80,500;82,750;81,000;2019
CAVA GSM;4;50;81,000;80,750;80,500;2018
CAVA GSM;3;51;83,000;80,750;80,000;2017
CAVA GSM;4;36;83,000;83,000;80,000;2016
CAVA GSM;2;23;81,000;84,000;83,250;2015
CAVA GSM;2;15;74,500;82,500;80,500;2014
CAVA GSM;3;2;79,500;77,000;78,500;2013
CENDROS MS;4;36;79,500;77,500;79,250;2015
CENDROS MS;3;22;80,000;79,000;79,500;2014
CHAKIRA JF;2;39;84,500;82,500;81,500;2016
CHAKIRA JF;4;27;80,000;81,500;84,250;2015
CHAKIRA JF;1;17;83,000;81,500;81,000;2014
CHAKIRA JF;5;3;76,500;76,500;76,500;2013
CLAM YSG;10;59;76,500;77,500;79,000;2018
CLAU TR;9;29;77,500;76,000;76,500;2015
CLEIN SC;1;88;82,750;84,000;87,000;2022
CLEIN SC;2;77;84,500;84,000;85,500;2021
CLEIN SC;2;82;83,000;80,500;81,000;2019
CLEIN SC;3;60;84,500;80,000;82,000;2018
CLEIN SC;14;65;75,000;76,250;77,500;2017
CLEIN SC;5;45;83,000;81,000;82,000;2016
COCO;8;6;73,500;73,500;73,500;2013
COMODI MB;6;13;74,000;75,500;78,500;2013
CONAN GEA;12;48;80,000;77,500;76,500;2016
CONAN GEA;8;35;77,000;77,000;77,250;2015
CONFIT;5;8;75,000;76,500;77,000;2013
COPINYA;4;53;80,500;80,750;80,250;2017
COPINYA;3;38;82,000;81,500;83,000;2016
COPINYA;1;25;84,000;80,000;84,750;2015
COPINYA;1;4;78,500;78,500;79,500;2013
CORAL DE BINISAFUA;6;84;84,000;82,000;83,500;2023
COREA DE MO;5;26;81,500;79,500;79,500;2015
CORPULENT;9;98;82,500;82,500;80,250;2023
CORPULENT;9;46;80,500;79,000;79,000;2016
CRESPELL SV;12;83;0,000;0,000;0,000;2019
CRESPELL SV;11;67;77,500;78,250;79,250;2017
CRESPELL SV;6;47;83,000;80,500;81,500;2016
CRESPELL SV;1;33;81,000;83,000;81,500;2015
CRESPELL SV;2;20;79,500;80,000;81,000;2014
CRESPELL SV;1;11;79,000;79,000;79,500;2013
CREUET;11;61;76,500;77,750;77,000;2018
CREUET;5;31;78,000;79,000;79,000;2015
CUC�;5;19;78,000;78,000;77,500;2014
CULTIU;6;18;76,500;77,750;76,000;2014
CURNI;3;7;77,000;78,000;78,500;2013
CURRO II;7;34;78,000;77,000;79,500;2015
DAIMON;7;76;81,500;79,500;81,000;2021
DAIMON;7;70;78,000;76,750;75,000;2019
DAIMON;8;57;79,000;80,000;79,500;2018
DAIMON;18;62;0,000;0,000;0,000;2017
DAIMON;6;32;81,500;77,500;77,000;2016
DAIMON;5;21;80,500;80,000;81,250;2015
DAIMON;2;10;80,000;80,000;79,000;2014
DAN�UP GSM;3;61;86,000;82,750;80,000;2017
DAN�UP GSM;1;31;83,500;81,000;81,500;2016
DAN�UP GSM;6;9;76,000;78,000;78,000;2014
DAN�A ALLES;7;46;77,500;80,000;80,000;2018
DAN�A ALLES;8;46;80,000;77,750;78,500;2017
DAN�A ALLES;2;23;82,500;80,500;80,500;2016
DAN�AIRE DEL VENT;6;49;80,000;79,250;78,500;2018
DAN�AIRE DEL VENT;9;50;78,000;76,750;77,000;2017
DAN�AIRE DEL VENT;4;26;81,000;79,500;78,500;2016
DAN�AIRE DEL VENT;3;16;79,500;80,500;78,500;2015
DAN�AIRE DEL VENT;2;5;80,500;79,000;76,500;2014
DARRY SB;13;57;77,000;77,000;76,250;2017
DARRY SB;7;28;81,500;75,500;78,500;2016
DARRY SB;2;19;82,000;83,000;83,750;2015
DARSENA;2;81;84,500;83,750;83,750;2023
DARSENA;2;79;85,500;84,250;85,000;2022
DARSENA;3;67;81,500;84,000;83,000;2021
DAVINCHY TB;5;35;80,000;77,500;79,500;2016
DAVINCHY TB;5;13;77,000;78,750;78,000;2014
DE NEGRE GSM;4;34;82,000;77,500;78,500;2016
DEISY SF II;5;2;73,500;76,000;75,000;2014
DELICIOS SV;4;71;79,000;82,500;79,500;2019
DELICIOS SV;1;58;83,000;83,500;83,500;2018
DELICIOS SV;5;63;78,500;83,500;80,250;2017
DELICIOS SV;9;33;0,000;0,000;0,000;2016
DELICIOS SV;1;22;81,500;84,000;83,500;2015
DELICIOS SV;1;11;79,500;79,750;80,000;2014
DELUX;8;29;78,500;76,500;76,500;2016
DENIS GSM;2;66;83,000;84,000;82,000;2021
DENIS GSM;5;61;80,000;81,250;78,500;2019
DENIS GSM;3;1;75,000;80,000;76,000;2014
DESITJA SF;4;6;74,000;75,500;76,000;2014
DIAMANT NEGRE GSM;4;97;83,500;84,500;84,250;2023
DIAMANT NEGRE GSM;1;69;85,500;82,000;83,500;2019
DIAMANT NEGRE GSM;2;56;83,500;84,000;80,000;2018
DIAMANT NEGRE GSM;8;60;80,500;80,800;80,000;2017
DIAMANT NEGRE GSM;2;30;83,500;81,000;81,000;2016
DIAMANT NEGRE GSM;3;20;81,750;83,500;81,750;2015
DIAMANT NEGRE GSM;4;8;78,000;78,000;79,500;2014
DIESEL TR;8;14;78,500;75,000;77,500;2014
DIGITAL MT;15;59;76,000;75,000;76,250;2017
DISTINGUIDA LINARES;3;24;80,000;80,000;79,500;2016
DISTINGUIDA LINARES;2;14;81,000;82,000;80,750;2015
DISTINGUIDA LINARES;6;3;0,000;0,000;0,000;2014
DISTINGUIDO LINARES;7;12;75,500;78,000;78,000;2014
DITX�S;9;56;81,000;81,000;79,000;2017
DITX�S;4;17;82,000;81,000;80,750;2015
DIVA MT;9;82;82,500;82,000;82,000;2023
DIVA MT;7;80;82,750;82,750;80,000;2022
DIVA MT;9;62;77,500;78,000;78,000;2019
DIVA MT;5;47;79,000;82,000;80,000;2017
DONALD TB;3;68;84,500;81,750;79,500;2019
DONALD TB;5;55;82,000;79,500;83,000;2018
DONALD TB;12;58;76,000;77,000;77,750;2017
DORA TB;5;47;81,000;79,750;81,000;2018
DORA TB;2;48;82,000;81,500;80,500;2017
DRAC DE MENORCA;7;54;79,000;79,750;81,000;2018
DRAC DE MENORCA;3;27;80,000;82,000;80,000;2016
DRAC DE MENORCA;6;18;80,000;81,500;80,000;2015
DRAC DE MENORCA;3;80;79,000;79,000;78,500;2014
DRAGON ELFA;11;96;0,000;0,000;0,000;2023
DSCAMPOLO HERBERA;6;7;77,500;77,000;77,500;2014
DULCINEA GSM II;1;83;84,000;84,500;83,750;2023
DULCINEA GSM II;1;81;86,500;84,500;85,000;2022
DULCINEA GSM II;1;68;83,500;85,500;83,500;2021
DULCINEA GSM II;1;63;84,500;82,750;83,000;2019
DULCINEA GSM II;1;48;81,500;83,000;84,500;2018
DULCINEA GSM II;1;49;82,000;82,000;82,750;2017
DULCINEA GSM II;1;25;85,500;83,000;83,500;2016
DULCINEA GSM II;1;15;84,500;84,000;83,000;2015
DULCINEA GSM II;1;4;80,500;80,000;76,000;2014
EDREAM GSM;4;66;81,000;80,500;79,500;2019
EDREAM GSM;3;44;81,000;79,250;79,000;2017
EDREAM GSM;4;20;80,500;77,000;78,500;2016
ELFO TB;5;43;76,000;76,250;79,500;2017
ELFO TB;1;12;81,500;81,000;80,250;2015
ELMA MORELLET;8;8;76,500;75,000;75,000;2015
ELORA TB;5;5;77,500;78,500;77,500;2015
ELTON;2;19;82,000;77,500;79,000;2016
ENORME SG;11;64;81,500;79,500;80,000;2021
ENORME SG;1;39;83,000;80,250;80,000;2017
ERA;2;12;80,500;82,000;79,500;2016
ERA;2;2;80,000;79,500;81,000;2015
ES SUCRER YCR;3;74;84,500;85,000;84,000;2021
ES SUCRER YCR;6;52;81,500;80,000;80,500;2018
ES SUCRER YCR;1;42;82,500;79,750;78,750;2017
ES SUCRER YCR;3;17;78,500;79,000;79,500;2016
ES SUCRER YCR;4;10;79,000;77,500;77,500;2015
ESPERADA LINARES;3;7;79,500;79,500;81,000;2015
ESPIGA DE BLAT;11;80;0,000;0,000;0,000;2023
ESPIGA DE BLAT;3;14;82,500;80,000;79,000;2016
ESPIGA II;5;65;82,000;82,500;81,500;2021
ESPIGA II;3;45;80,000;80,500;82,000;2018
ESPIGA II;3;40;78,000;79,250;80,000;2017
ESPIGA II;5;16;79,000;81,500;79,000;2016
ESPIGA II;4;6;79,000;77,500;77,500;2015
ESPIRA;6;63;81,000;83,000;81,500;2021
ESPIRA;8;60;78,500;79,000;79,000;2019
ESPIRA;2;44;80,000;81,250;82,500;2018
ESPIRA;2;37;78,000;80,000;79,500;2017
ESPIRA;4;13;81,500;80,500;78,500;2016
ESPIRA;7;3;78,000;76,500;76,500;2015
ESPRAY;6;18;78,000;74,500;75,000;2016
ESPUMOSA;4;38;78,500;80,250;77,500;2017
ESPUMOSA;1;15;82,500;80,000;81,500;2016
ESPUMOSA;1;4;79,500;80,500;81,000;2015
ESTIU;5;11;77,000;76,000;75,000;2015
ESTREP;4;51;83,000;80,500;81,500;2018
ESTREP;2;41;84,000;79,750;76,500;2017
ESTREP;2;9;78,000;80,000;78,250;2015
EUCALIPTO LINARES;5;22;77,500;78,000;79,000;2016
EUCALIPTO LINARES;3;13;79,000;79,000;77,000;2015
EUROPA;3;79;83,500;84,000;83,500;2023
EUROPA;3;78;82,500;84,000;84,000;2022
EUROPA;4;62;83,500;83,000;81,500;2021
EUROPA;2;59;83,000;80,250;81,500;2019
EUROPA;6;1;76,500;78,500;77,500;2015
EWING;5;95;81,500;83,750;82,750;2023
EWING;6;87;0,000;0,000;0,000;2022
EWING;6;75;82,500;84,000;82,500;2021
EWING;6;67;79,500;79,500;75,000;2019
EWING;9;53;79,500;78,500;77,500;2018
EWING;4;45;77,500;79,500;77,000;2017
EWING;1;21;82,500;80,000;80,000;2016
FALAGUER TV II;6;32;72,000;76,000;76,000;2017
FALAGUER TV II;6;7;0,000;0,000;0,000;2016
FANTASTIC RM;3;85;79,500;81,000;79,000;2022
FANTASTIC RM;5;64;76,500;80,000;78,500;2019
FANTASTIC RM;4;35;75,000;79,000;76,750;2017
FANTASTIC RM;3;10;78,000;78,500;80,000;2016
FARUC TV;1;93;84,500;85,500;83,000;2023
FARUC TV;2;84;84,250;83,250;86,000;2022
FARUC TV;1;59;84,500;84,500;85,500;2021
FARUC TV;2;40;81,500;79,000;80,500;2018
FARUC TV;2;31;81,000;80,000;77,000;2017
FARUC TV;2;6;80,000;79,500;77,500;2016
FELI� FB;5;86;77,250;77,500;75,000;2022
FELI� FB;5;11;79,500;75,500;76,500;2016
FELI�A SF;6;27;80,000;77,000;77,500;2017
FELIPA SF;5;77;84,000;83,750;82,250;2023
FELIPA SF;5;76;84,250;84,500;79,000;2022
FELIPA SF;1;46;83,000;83,500;83,000;2021
FELIPA SF;3;55;83,500;79,750;81,000;2019
FELIPA SF;1;36;81,500;80,750;83,000;2018
FELIPA SF;3;25;80,500;79,750;79,750;2017
FESTA ALLES;7;56;78,500;78,000;81,000;2019
FESTA ALLES;4;37;77,000;80,250;80,000;2018
FESTA ALLES;7;26;74,500;76,500;77,250;2017
FESTA ALLES;5;2;0,000;0,000;0,000;2016
FILTRU;4;42;80,000;78,000;77,000;2018
FIRMA GSM;1;4;83,500;83,000;82,000;2016
FLASH;3;61;84,500;85,500;83,500;2021
FLASH;2;65;85,500;81,000;81,500;2019
FLASH;1;43;81,500;79,000;81,000;2018
FLIPADETA;4;3;75,000;76,000;76,500;2016
FLORETA TR;5;29;78,500;80,250;78,250;2017
FLORIDA DE TARIS;3;38;78,000;80,000;81,000;2018
FOC I FUM BM;3;34;80,500;79,250;76,250;2017
FOC I FUM BM;4;8;79,000;77,000;79,000;2016
FORMA;9;88;0,000;0,000;0,000;2011
FORMENTERA MT;8;78;83,000;82,500;82,250;2023
FORMENTERA MT;6;77;83,000;84,000;80,000;2022
FORMENTERA MT;4;57;80,000;80,750;80,500;2019
FORMENTERA MT;2;28;82,000;78,750;80,250;2017
FOSC FB II;6;94;82,000;84,250;81,500;2023
FOSC FB II;1;9;83,000;79,000;79,000;2016
FRANCESA LINARES;6;58;82,500;78,250;77,500;2019
FRANCESA LINARES;2;39;79,500;79,750;82,500;2018
FRANCESA LINARES;1;30;83,500;80,500;79,250;2017
FRANCESA LINARES;3;5;81,500;81,000;80,500;2016
FUM;5;36;73,500;80,250;76,000;2017
FUMAT;11;60;0,000;0,000;0,000;2021
FUMAT;3;41;78,000;79,500;79,000;2018
FUMAT;1;33;79,000;81,500;78,000;2017
FURIA DE MENORCA;4;24;79,500;80,000;78,500;2017
FURIA DE MENORCA;2;1;82,000;81,500;80,500;2016
GALACTIC;1;23;82,500;80,250;78,750;2017
GALAN II;11;88;0,000;0,000;0,000;2023
GALAN II;12;70;77,750;80,500;79,000;2022
GALAN II;5;54;83,500;83,500;82,000;2021
GALAN II;8;48;78,000;76,250;74,500;2019
GALAN II;3;29;79,500;80,000;79,000;2018
GANADOR GSM II;7;34;78,500;77,500;73,500;2018
GANADOR GSM II;3;21;83,000;79,750;77,500;2017
GANADORA;9;6;74,000;75,250;75,500;2017
GARBI TB;6;69;84,000;83,000;78,500;2022
GAS;10;75;81,000;79,000;79,000;2022
GEISHA LINARES;5;43;76,500;78,000;76,500;2019
GEISHA LINARES;6;3;80,500;78,250;75,250;2017
GELADA;5;21;77,000;79,500;80,500;2018
GELADA;3;4;78,000;81,000;80,250;2017
GELOSA BM II;5;9;77,000;79,500;79,000;2017
GENEROS;6;49;76,000;77,250;77,500;2019
GENEROS;12;12;75,500;78,250;75,000;2017
GIN RM;8;30;73,500;77,000;73,500;2018
GIN RM;9;13;76,000;80,000;77,500;2017
GINA D�EN GURI;6;22;76,000;78,000;75,500;2018
GINEBRA DE SON FELIP;11;76;0,000;0,000;0,000;2023
GINEBRA DE SON FELIP;7;58;80,750;83,500;78,000;2022
GINEBRA DE SON FELIP;3;45;82,500;81,500;82,500;2021
GINEBRA DE SON FELIP;2;44;81,500;80,500;80,000;2019
GINEBRA DE SON FELIP;2;23;82,500;79,500;81,000;2018
GINEBRA DE SON FELIP;1;5;80,000;80,250;79,750;2017
GINEBRA LAIKA;10;56;76,750;77,750;78,500;2022
GINEBRA LAIKA;3;42;82,500;79,500;76,000;2019
GINEBRA LAIKA;3;20;77,000;79,500;82,000;2018
GINEBRA LAIKA;7;2;80,000;77,000;76,250;2017
GINET GSM;6;19;78,000;78,000;80,000;2017
GIO GSM;10;92;81,000;79,500;80,500;2023
GIO GSM;7;54;77,000;77,250;75,500;2019
GIOIA GSM;2;8;81,000;80,500;78,250;2017
GITANETA;10;1;0,000;0,000;0,000;2017
GLORIOS DES BARRANC;11;89;0,000;0,000;0,000;2023
GLORIOS DES BARRANC;8;71;81,250;80,500;81,500;2022
GLORIOS DES BARRANC;6;55;83,500;81,500;83,500;2021
GLORIOS DES BARRANC;6;31;76,500;78,500;76,000;2018
GLORIOS DES BARRANC;10;14;75,000;78,750;78,500;2017
GLORIOS TB;2;50;81,500;81,000;80,500;2019
GLORIOS TB;2;32;79,500;82,000;80,000;2018
GLORIOS TB;4;16;81,000;79,750;77,500;2017
GLOSA;4;45;75,500;79,250;80,000;2019
GLOSA;1;24;82,000;79,000;83,500;2018
GLOSA;4;7;80,000;79,000;79,500;2017
GODIN TB;9;73;80,750;81,250;80,000;2022
GODIN TB;9;57;84,000;80,500;82,000;2021
GODIN TB;5;20;82,000;78,000;77,000;2017
GOLOS;5;51;76,000;78,500;80,000;2019
GORO;7;87;82,000;83,750;81,750;2023
GORO;9;53;83,000;79,000;84,500;2021
GORO;1;47;81,500;81,750;81,500;2019
GORO;1;26;80,500;83,000;78,500;2018
GRANDIOSO LINARES;9;33;0,000;0,000;0,000;2018
GRANDIOSO LINARES;13;17;0,000;0,000;0,000;2017
GRETA ALLES;8;59;81,000;80,500;80,500;2022
GRETA ALLES;1;46;83,500;78,750;80,000;2019
GRETA ALLES;4;25;79,000;79,750;79,000;2018
GRETA ALLES;8;10;75,500;77,750;78,250;2017
GREY YCR;11;15;76,000;77,750;76,500;2017
GRISMAN TB;5;28;77,000;77,500;77,000;2018
GROP YSG;8;18;76,500;80,850;77,500;2017
GROSELLA TB II;7;75;82,500;83,000;82,500;2023
GROSELLA TB II;1;57;84,000;86,000;84,500;2022
GUAPO DEL VENT;3;91;84,000;84,000;84,500;2023
GUAPO DEL VENT;15;74;0,000;0,000;0,000;2022
GUAPO DEL VENT;8;58;84,500;80,500;82,000;2021
GUAPO DEL VENT;4;53;80,500;81,000;78,000;2019
GUAPO DEL VENT;4;35;81,000;80,000;77,000;2018
GUAPO DEL VENT;2;22;84,500;78,500;78,000;2017
GUARDAFOC;6;90;80,500;84,250;83,000;2023
GUARDAFOC;6;72;83,000;81,000;81,500;2022
GUARDAFOC;4;56;82,500;85,000;84,000;2021
GUARDAFOC;3;52;85,500;80,000;77,000;2019
GUISCO JEDREC;9;27;0,000;0,000;0,000;2018
GUISCO JEDREC;7;11;78,500;78,250;78,500;2017
JA�;7;33;72,500;77,000;75,000;2019
JACLYN ALLES;5;58;81,500;85,000;82,500;2023
JACLYN ALLES;6;1;79,000;79,000;81,000;2018
JALAPE�O LINARES;9;47;82,000;81,000;83,500;2021
JALAPE�O LINARES;5;34;73,000;78,500;77,000;2019
JALAPE�O LINARES;3;9;79,500;81,500;82,500;2018
JALEA BM;11;59;81,500;81,250;82,250;2023
JALEA BM;3;7;79,500;80,750;81,500;2018
JAM BM;9;52;82,500;81,000;83,000;2021
JAMAICA II;8;4;78,500;79,250;78,000;2018
JAN;3;36;73,000;78,500;78,500;2019
JAN;8;10;78,000;80,500;80,000;2018
JANNA RM;4;28;79,500;76,750;73,500;2019
JANTO;10;12;72,000;76,000;75,500;2018
JARDEL;14;72;77,500;78,500;78,500;2023
JARDEL;9;14;73,000;76,500;78,500;2018
JARD� DEL VENT;13;67;75,000;77,500;78,000;2022
JARD� DEL VENT;8;51;81,500;81,500;84,000;2021
JARD� DEL VENT;4;41;75,500;76,000;78,000;2019
JARD� DEL VENT;2;17;82,000;83,250;81,500;2018
JEDREC SG;9;71;82,500;80,500;79,750;2023
JEDREC SG;6;37;73,500;78,500;76,000;2019
JEDREC SG;7;11;80,500;80,000;79,000;2018
JESKO ALLES;2;74;84,000;85,250;82,500;2023
JESKO ALLES;1;68;82,250;85,500;85,000;2022
JESKO ALLES;4;18;80,000;80,000;83,000;2018
JESSY TB;3;31;79,500;75,750;78,500;2019
JESSY TB;2;5;80,500;81,750;80,000;2018
JEY DE CAN RITU;9;69;80,000;81,750;81,000;2023
JEY DE CAN RITU;7;48;82,500;83,000;82,500;2021
JOGUINA II;2;44;81,500;82,500;83,000;2021
JOGUINA II;2;32;81,500;79,000;76,000;2019
JOGUINA II;4;8;81,000;82,000;77,000;2018
JOIA NEGRA MT;1;30;81,500;79,500;82,500;2019
JOLIU MT;2;35;76,000;78,750;76,500;2019
JONC DE SON FELIP;4;73;84,000;82,500;81,500;2023
JONC DE SON FELIP;4;66;83,750;84,000;80,500;2022
JONC DE SON FELIP;2;50;84,500;84,500;85,000;2021
JONC DE SON FELIP;1;40;80,500;80,500;79,500;2019
JONC DE SON FELIP;1;16;82,500;82,500;82,500;2018
JOPI;6;13;79,000;80,000;82,000;2018
JUGUETA TR;5;29;76,000;73,000;72,500;2019
JUIOS;5;70;81,000;83,250;81,250;2023
JULIA;7;70;82,000;83,000;82,250;2015
JULIA;2;64;81,250;81,500;80,000;2014
JUNE GSM;4;43;81,000;80,000;81,000;2021
JUNE GSM;7;6;78,000;79,750;80,500;2018
JUNIOR II;10;49;81,000;78,000;79,500;2021
JUNIOR II;8;38;71,500;75,500;72,500;2019
JUNIPERA GSM;5;2;78,500;80,500;80,500;2018
JUNO MORELLET;8;39;73,500;73,500;72,500;2019
JUSI GSM;1;3;80,000;83,500;82,000;2018
JUST BM II;7;19;79,000;80,000;80,500;2018
JUST DE BINICANO;5;15;79,500;82,000;81,000;2018
KABUL;6;25;76,500;80,000;78,500;2019
KAFIR YCR;3;38;82,500;82,000;81,000;2021
KAIRO TB;1;42;84,000;84,000;83,500;2021
KAIRO TB;2;27;79,500;78,250;80,500;2019
KALIF DE BINICANO II;3;62;84,250;83,250;81,500;2022
KALINDA CP;10;1;75,500;76,250;77,000;2019
KANTORA LINARES;7;54;83,500;82,750;81,750;2023
KANTORA LINARES;5;32;78,000;76,000;80,000;2021
KANTORA LINARES;3;4;80,500;78,250;79,000;2019
KARIMA TB;5;54;82,250;82,750;80,000;2022
KARINA DEL VENT;6;36;78,000;77,500;78,000;2021
KARINA DEL VENT;6;8;80,500;78,500;77,000;2019
KARMA DE AL PARICO;1;26;83,500;79,250;81,000;2019
KASANDRA SAURA;8;11;78,500;78,250;78,000;2019
KENIA;2;55;84,000;83,500;83,000;2023
KENIA;3;51;81,750;83,000;83,500;2022
KENIA;3;33;81,000;81,000;81,500;2021
KENIA;1;5;85,500;80,250;79,500;2019
KHAN SF;12;18;77,500;76,250;75,500;2019
KIARA D'ES BARRANC;6;53;83,500;84,000;81,250;2023
KIARA D'ES BARRANC;4;50;83,000;82,500;82,500;2022
KIARA D'ES BARRANC;2;31;81,000;81,000;82,000;2021
KIARA D'ES BARRANC;4;2;80,000;78,000;79,000;2019
KIARA JEDREC;8;56;82,000;83,250;82,000;2023
KIARA JEDREC;6;52;82,500;80,000;80,000;2022
KIARA JEDREC;4;34;82,000;81,000;80,000;2021
KIARA JEDREC;9;6;79,500;76,500;78,000;2019
KINDER II;5;17;79,500;77,250;79,000;2019
KINDI;8;78;79,500;77,000;76,500;2012
KINDI;8;128;80,500;80,500;81,500;2010
KING DE SANT MIQUEL;4;39;82,000;80,500;82,500;2021
KING DE SANT MIQUEL;16;20;73,500;75,250;74,000;2019
KING PHILIP GSM;10;68;79,000;82,500;81,000;2023
KING PHILIP GSM;2;65;84,000;81,250;84,500;2022
KING PHILIP GSM;2;41;83,000;83,000;83,000;2021
KING PHILIP GSM;3;24;77,000;80,250;80,500;2019
KINOA;9;55;79,500;80,750;81,000;2022
KION D�ES BARRANC;5;40;82,000;80,500;82,000;2021
KION D�ES BARRANC;4;21;78,500;80,000;78,500;2019
KION MT;13;66;79,500;79,250;79,500;2023
KION MT;11;64;81,000;78,750;78,000;2022
KLAVELL;1;64;84,000;85,250;83,500;2023
KLAVELL;10;12;77,500;76,000;77,000;2019
KLESQUIT;8;14;79,500;77,250;77,000;2019
KLOE;11;3;73,500;75,500;77,000;2019
KODAK SF;7;9;78,000;79,250;78,500;2019
KOKO GSM;10;57;82,000;82,500;81,500;2023
KOKO GSM;2;53;82,750;82,000;85,500;2022
KOKO GSM;1;35;81,000;81,500;82,000;2021
KOKO GSM;2;7;81,500;78,250;80,500;2019
KONDOR ALLES;8;67;82,500;81,250;79,750;2023
KONDOR ALLES;7;63;80,500;80,000;83,000;2022
KONDOR ALLES;7;22;76,500;80,250;78,000;2019
KONO II;15;13;74,500;74,500;75,500;2019
KORAN TR;14;61;76,500;75,500;77,000;2022
KORAN TR;14;16;79,000;74,000;74,000;2019
KORB TR;13;19;75,500;76,250;75,500;2019
KOYAC ALLES;11;23;75,000;78,000;77,000;2019
KRIPTA DE EQUIMAR;7;37;77,500;74,500;78,000;2021
KRIPTON;5;60;84,000;82,000;81,500;2022
KRIPTON;9;15;80,500;76,000;76,000;2019
KROS FR;12;65;79,500;80,500;80,250;2023
KUBANA GSM;5;10;76,500;79,000;81,000;2019
KULUMETA JF;4;120;79,500;86,000;82,500;2010
LAIRA;4;35;83,500;80,500;81,000;2022
LAIRA;3;19;81,000;81,000;80,500;2021
LASI DE CAN RITU;8;34;77,250;82,500;82,500;2022
LAVANDA TB;1;49;84,500;83,000;83,250;2023
LAVANDA TB;1;38;83,500;83,500;80,000;2022
LAVANDA TB;2;21;79,500;81,000;82,500;2021
LE REVE DE MINORQUE GSM;6;63;82,500;81,500;80,750;2023
LENNON DE SON FELIP;4;48;80,250;82,500;77,500;2022
LENNON DE SON FELIP;2;30;83,000;81,500;82,500;2021
LENNON DE SON VIVES;3;61;82,000;84,500;83,000;2023
LENNON DE SON VIVES;1;45;81,000;81,750;84,000;2022
LENNON DE SON VIVES;3;27;81,000;81,500;82,500;2021
LICRA;3;52;84,000;83,000;83,000;2023
LICRA;2;42;82,250;82,250;82,000;2022
LICRA;1;24;81,500;80,000;83,000;2021
LILA II;6;46;82,000;84,750;82,000;2023
LILA II;7;36;82,000;79,750;81,000;2022
LILA II;4;20;81,500;79,500;81,000;2021
LILIANA;8;17;76,000;77,000;76,500;2021
LIRA;13;47;81,500;81,250;80,500;2023
LISA MORELLET;9;41;79,000;80,000;77,000;2022
LISTER FR;3;43;80,750;80,500;81,500;2022
LLAGOST;2;93;80,500;81,250;79,500;2011
LLAGRIMA NEGRA TV;14;45;80,500;82,750;79,000;2023
LLAGRIMA NEGRA TV;6;18;78,500;77,000;81,000;2021
LLEBEIG II;7;47;75,750;77,500;76,500;2022
LLIBERTAT DE MO;14;69;0,000;0,000;0,000;2015
LLIBERTAT DE MO;7;72;78,000;79,500;77,000;2012
LLIBERTAT DE MO;3;126;84,000;83,500;81,000;2010
LLIRA;7;16;78,500;78,000;78,500;2021
LLOR JEDREC II;6;28;80,500;79,000;79,000;2021
LLUNA MARI SAURA;12;51;84,000;80,500;80,250;2023
LLUNA MARI SAURA;6;40;82,000;81,000;81,500;2022
LLUNA MARI SAURA;5;23;78,500;78,000;81,000;2021
LLUVIA DE AL PARICO;9;50;83,000;83,250;80,500;2023
LLUVIA DE AL PARICO;5;39;81,000;81,250;82,500;2022
LLUVIA DE AL PARICO;5;22;79,500;78,500;79,500;2021
LOBO SAURA;11;62;79,000;81,500;80,000;2023
LOBO SAURA;6;46;79,500;81,250;76,000;2022
LOBO SAURA;4;29;82,500;81,000;81,000;2021
LOTUS;7;60;80,500;82,500;81,500;2023
LOTUS;5;44;80,500;80,000;77,000;2022
LOTUS;1;26;81,500;84,000;82,500;2021
LUC LLUBET FB;5;25;80,000;80,500;80,000;2021
LUKMAN SAURA;2;49;82,750;79,250;81,000;2022
LULU TB II;4;48;83,500;83,500;82,500;2023
LULU TB II;3;37;82,500;83,000;80,500;2022
MACARELLA DE AL PARICO;3;26;0,000;0,000;0,000;2022
MACARELLA DE AL PARICO;4;5;81,500;79,500;78,000;2021
MAGIC DE AL PARICO;8;15;83,000;81,500;82,500;2021
MAGNOLIA DEL VENT;5;3;79,500;79,500;79,500;2021
MALBORO;4;97;79,500;81,000;78,500;2011
MALBORO II;1;41;83,000;82,500;83,000;2023
MALBORO II;4;28;77,500;79,000;77,000;2022
MALBORO II;1;8;84,500;83,000;84,500;2021
MALTA BM II;5;37;82,500;82,500;80,750;2023
MANGO ALLES;2;33;81,250;80,000;83,500;2022
MANI RM;3;42;81,000;81,500;81,500;2023
MANI RM;5;29;76,500;76,250;80,000;2022
MANI RM;2;9;84,000;83,000;84,500;2021
MART;2;44;81,000;82,000;81,500;2023
MART;6;32;74,500;78,000;78,500;2022
MART;5;13;84,000;82,000;84,000;2021
MEDITERRANI MT;4;43;80,500;81,250;82,000;2023
MEDITERRANI MT;3;31;77,500;81,500;79,250;2022
MEISSA MORELLET;3;25;0,000;0,000;0,000;2022
MEL DE SON VIVES;2;35;83,500;83,250;83,250;2023
MEL DE SON VIVES;1;23;79,000;82,500;84,000;2022
MEL DE SON VIVES;1;1;79,500;81,500;80,500;2021
MENUT II;7;30;76,500;74,750;77,000;2022
MENUT II;9;12;81,000;77,500;80,000;2021
MERLI SF;7;10;84,000;80,000;83,500;2021
MILENI ( EX- MAGO );4;11;84,000;82,000;84,500;2021
MIR DE BINILLAUTI NOU;1;36;83,000;84,750;82,750;2023
MISTERI D�ES BARRANC;6;14;83,500;82,000;83,500;2021
MISTERI DE SON VIVES;5;40;0,000;0,000;0,000;2023
MISTERI DE SON VIVES;1;27;81,500;81,750;82,000;2022
MISTERI DE SON VIVES;3;7;84,500;83,000;83,500;2021
MISTERIOSA GSM;4;39;83,500;82,500;83,250;2023
MISTERIOSA GSM;5;6;78,500;79,500;80,500;2021
MOKA;3;38;83,500;83,500;82,750;2023
MOKA;2;24;80,500;80,500;80,000;2022
MOKA;2;4;80,000;81,000;80,000;2021
MURETA JF;1;86;80,000;79,500;79,500;2013
MURETA JF;4;71;78,500;80,000;80,000;2012
MURETA JF;6;91;79,500;77,000;79,000;2011
MURETA JF;7;123;79,000;80,000;84,500;2010
MUSAKA SF;3;2;80,000;80,000;80,000;2021
NABIL RM;11;18;0,000;0,000;0,000;2022
NAILA JF;4;29;81,500;81,250;80,000;2023
NAILA JF;8;4;78,500;79,500;75,000;2022
NAIPE ALLES;2;16;80,750;84,500;80,500;2022
NAP;8;138;74,500;82,500;71,500;2010
NARANJA DE CURNIOLA;5;11;80,500;80,000;80,000;2022
NARCO MARQUES;9;13;78,500;78,000;78,500;2022
NAVETA GSM II;1;8;80,750;84,500;82,000;2022
NEPTU TB;1;33;80,000;85,000;83,000;2023
NEPTU TB;1;21;81,750;83,750;83,000;2022
NERO GSM II;6;20;79,250;80,250;79,500;2022
NERVION;2;32;81,500;82,500;82,000;2023
NERVION;3;19;81,000;82,000;81,000;2022
NEU TB II;3;27;83,500;81,000;80,000;2023
NEU TB II;4;2;80,250;82,500;81,000;2022
NEULA DE SON VIVES;2;28;83,500;80,500;81,500;2023
NEULA DE SON VIVES;3;3;81,250;81,000;82,500;2022
NILO II;3;30;80,000;81,500;81,000;2023
NIT D�ES BARRANC;9;10;76,750;78,500;74,000;2022
NIT JEDREC;6;5;80,750;80,000;79,500;2022
NITJA;1;26;82,000;82,500;82,000;2023
NITJA;2;1;80,000;84,000;81,000;2022
NIU JEDREC;5;17;79,000;81,500;80,000;2022
NOBEL GSM II;7;14;78,000;79,250;80,500;2022
NONTE;6;82;0,000;0,000;0,000;2012
NORTE JEDREC II;5;31;80,500;79,000;78,500;2023
NORTE JEDREC II;4;15;81,500;82,750;79,500;2022
NOU;4;34;80,000;80,750;79,500;2023
NOU;8;22;77,750;78,750;79,000;2022
NURA DES BARRANC;10;6;76,250;75,750;73,500;2022
NUREJEV;9;137;74,500;78,500;74,500;2010
NURKA SAURA;7;7;79,750;81,000;79,000;2022
NUROI DE AL PARICO;11;9;0,000;0,000;0,000;2022
NUS DE NA BRETXA MM;10;12;74,500;77,750;77,500;2022
NUTRIA;4;92;79,500;80,750;80,000;2011
OBRER TB;8;22;79,500;80,500;80,000;2023
OCEA RM;9;18;80,000;80,000;79,500;2023
OCELIA TB;1;2;83,500;83,750;83,000;2023
ODESSA DE AL PARICO;2;11;83,500;83,500;82,000;2023
ODESSA YBB;6;66;0,000;0,000;0,000;2016
ODESSA YBB;6;79;76,500;76,000;78,000;2013
ODESSA YBB;2;117;79,500;84,500;85,000;2010
ODIN D�ES BARRANC;11;20;78,500;80,500;78,000;2023
ODISSEA TB;4;9;82,000;81,750;83,000;2023
OEST SAURA II;13;15;76,500;78,500;78,000;2023
OKAPI SAURA II;3;25;81,000;83,500;82,000;2023
OLAF DE LINARES;2;23;81,500;84,000;83,000;2023
OLAF FB II;6;21;79,500;82,500;80,500;2023
OLGA JEDREC II;8;4;80,000;81,750;81,500;2023
OLIANA;9;125;80,000;78,500;80,500;2010
OLIMPIA MT;10;3;78,000;79,500;81,000;2023
OLIOS DE BINIGARBA;4;19;81,000;82,000;81,500;2023
OLIVA NEGRA GSM;3;10;83,000;82,750;81,250;2023
OLIVER JEDREC;12;16;77,500;79,500;78,000;2023
OLIVIA;8;85;76,500;78,500;75,500;2011
OLIVIA JEDREC II;5;7;81,000;83,000;82,500;2023
OLYMPIC DREAM GSM;7;8;81,500;81,500;81,250;2023
ONDINA ELFA II;6;12;81,500;82,250;81,750;2023
OONA SQ;9;78;76,000;75,500;76,500;2013
OONA SQ;10;119;78,500;80,500;79,500;2010
OPORTO DE SON VIVES;1;13;82,000;84,500;82,500;2023
OR DE NA FONT MM;8;81;82,000;79,500;81,000;2016
OR DE NA FONT MM;4;71;80,000;80,750;79,500;2014
OR DE NA FONT MM;4;93;78,500;79,500;78,500;2013
OR DE NA FONT MM;8;102;76,000;77,750;76,500;2011
ORELLERA MS;9;6;78,500;80,000;80,500;2023
ORENELLA GSM;11;1;0,000;0,000;0,000;2023
ORENETA;8;5;82,000;82,000;79,250;2023
ORGULL;5;101;77,000;80,500;77,000;2011
ORGULLOS DE BINIGARBA;7;17;79,500;82,500;80,250;2023
OSIRIDE GSM;1;63;81,250;81,750;80,500;2014
OSIRIDE GSM;2;82;79,500;79,500;79,500;2013
OSIRIDE GSM;2;77;78,500;78,500;82,500;2012
OSIRIDE GSM;2;86;80,500;81,000;80,500;2011
OSIRIDE GSM;6;124;83,000;79,500;81,500;2010
OSLO;10;14;79,000;81,250;78,500;2023
OUU-PIALI;5;24;80,500;81,500;80,750;2023
PALENCIA;9;74;76,500;76,000;78,000;2012
PARAISO;4;80;75,000;77,000;73,500;2012
PATITA FS;5;122;81,500;82,000;82,000;2010
PERDIU JF;5;81;79,000;80,250;79,000;2017
PERDIU JF;3;85;78,500;79,000;79,000;2013
PERDIU JF;3;89;80,000;80,500;81,000;2011
PERDIU JF;1;121;80,500;86,000;85,000;2010
PICHI HP;9;87;75,000;77,500;76,000;2013
PICHI HP;7;99;76,000;79,750;75,500;2011
PICHI HP;3;133;81,500;85,500;80,000;2010
PIONER;7;89;76,500;78,000;76,500;2013
POKEMON;5;83;75,500;74,500;73,500;2012
PONENTE GSM;3;96;79,000;81,500;79,000;2011
PUDEROS;6;70;76,000;79,500;80,000;2014
PUDEROS;1;134;82,000;88,000;82,500;2010
RAMPA;13;68;80,250;79,000;81,000;2015
RAMPA;4;62;81,250;79,750;79,500;2014
REMULI;11;100;0,000;0,000;0,000;2011
REMULI;4;131;84,500;83,500;78,000;2010
RENOU;5;136;80,000;83,000;79,000;2010
RISK GSM;6;130;80,500;80,500;80,000;2010
ROMUALDO;3;92;80,000;78,500;78,500;2013
ROSTOLL;1;91;87,500;81,750;83,000;2017
ROSTOLL;1;69;83,000;83,500;84,000;2014
ROSTOLL;1;84;81,500;84,500;82,500;2012
ROSTOLL;1;98;81,000;82,000;81,000;2011
ROSTOLL;2;135;82,500;84,500;83,000;2010
RUANDA;4;81;77,000;77,500;78,000;2013
RUMANI;6;95;76,000;78,750;78,000;2011
RUNA;11;118;77,500;78,500;80,500;2010
RUSE DE MO;10;73;80,500;79,500;81,500;2021
RUSE DE MO;5;80;76,500;78,500;76,500;2013
RUSE DE MO;7;87;76,500;78,500;77,500;2011
RUSTIC;7;132;79,500;80,000;76,000;2010
SALERU FG;3;81;75,500;80,500;76,000;2012
SALERU FG;9;94;75,500;78,000;76,500;2011
SALERU FG;5;113;78,500;85,500;79,000;2010
SANTOS;12;102;74,500;77,500;74,000;2010
SARC;13;80;0,000;0,000;0,000;2016
SAULO FR;11;98;71,500;76,000;76,000;2019
SITJA;6;60;77,250;78,500;77,500;2014
SOLERO;6;80;79,250;80,500;82,000;2015
SOLITARI TB;1;106;80,500;86,500;83,000;2010
SOMIOS MB;8;105;80,000;81,500;79,000;2010
SONRISA GSM;10;67;81,000;82,000;82,250;2015
SONRISA GSM;5;84;79,000;79,500;77,500;2011
SONRISA GSM;4;96;82,000;82,000;81,000;2010
SONY GRAN;9;103;78,000;78,500;81,000;2010
SORIAN TR;10;103;76,000;76,000;77,500;2011
SOROYA;5;61;80,000;79,000;78,000;2014
SOROYA;1;75;82,000;81,000;80,000;2012
SOROYA;1;90;80,500;81,000;81,500;2011
SOROYA;2;98;84,000;82,500;84,000;2010
SUROI;5;79;82,000;81,000;81,500;2016
SUROI;4;79;82,250;82,500;80,500;2015
SUROI;6;95;78,500;75,000;78,500;2013
TAJO;8;94;75,500;78,000;76,500;2013
TAYSON SC;10;109;83,500;77,000;76,500;2010
TEDY;7;64;77,500;78,000;77,500;2011
TELA;7;79;75,000;77,500;78,250;2017
TELA;7;84;76,500;76,500;77,000;2013
TELMA;8;72;81,500;79,500;81,500;2021
TELMA;5;72;84,500;80,000;83,000;2018
TELMA;2;80;81,000;81,500;80,750;2017
TELMA;2;66;85,000;82,000;84,250;2015
TELMA;3;73;78,500;80,000;80,500;2012
TELMA;2;67;80,000;81,000;80,500;2011
TELMA;1;97;80,500;87,500;85,500;2010
TIBET GSM;12;70;74,000;77,750;75,500;2011
TIBET GSM;11;108;73,500;83,000;80,000;2010
TIBI;4;97;85,000;79,000;79,000;2019
TIBI;2;85;83,500;82,500;83,500;2018
TIBI;3;90;82,500;78,750;82,000;2017
TIBI;1;78;82,500;84,000;79,500;2016
TIBI;2;78;82,500;82,500;83,750;2015
TIMO GSM;14;76;0,000;0,000;0,000;2011
TIMO GSM;6;110;80,000;80,500;81,500;2010
TISA;1;66;80,000;83,000;79,000;2011
TITANIC;9;114;75,500;84,500;77,500;2010
TONYINA TB;6;64;82,500;83,000;83,000;2015
TONYINA TB;3;59;81,000;80,000;81,250;2014
TONYINA TB;5;70;79,500;79,500;78,500;2012
TONYINA TB;6;62;77,000;79,500;77,500;2011
TONYINA TB;3;100;81,000;81,000;84,000;2010
TORTOLA S VIVES;6;76;75,500;79,500;80,000;2012
TORTOLA S VIVES;4;59;78,500;81,500;77,000;2011
TRA�A;8;83;75,500;77,000;76,000;2013
TRAMPOSA MS;8;83;81,000;80,000;79,000;2022
TRAMPOSA MS;5;65;84,750;81,500;82,750;2015
TRAMPOSA MS;5;94;82,000;79,500;83,000;2010
TRAUS;2;77;83,500;80,500;81,500;2016
TRAUS;3;76;83,500;81,000;81,750;2015
TRAUS;3;67;80,500;80,500;79,500;2014
TRAUS;5;91;77,500;77,500;79,000;2013
TRAUS;4;68;78,500;80,500;78,000;2011
TRUC RUMET;1;84;85,500;83,500;82,000;2018
TRUC RUMET;1;77;84,250;84,000;83,750;2015
TRUC RUMET;2;68;80,500;84,000;84,000;2014
TRUC RUMET;2;88;80,000;81,000;79,500;2013
TRUC RUMET;2;79;80,000;80,500;80,000;2012
UAPA;6;93;82,500;77,500;84,000;2010
UCRANIA TB;7;80;82,500;81,000;78,500;2019
UCRANIA TB;11;62;81,000;82,500;81,500;2015
UCRANIA TB;3;53;77,500;78,500;80,500;2012
UCRANIA TB;8;101;79,500;79,000;81,500;2010
UMIT;10;65;73,000;76,000;75,000;2012
UMIT;11;83;74,500;76,750;76,500;2011
UNICA TB;8;63;78,500;78,500;75,500;2011
UNICA TB;7;95;80,500;79,500;82,500;2010
UNMENORQUI;14;69;0,000;0,000;0,000;2011
UQUEBELL;7;107;78,000;84,500;78,500;2010
URA;9;75;80,500;80,000;80,000;2016
URA;6;66;76,000;80,000;79,500;2014
URA;4;60;75,500;80,500;74,500;2012
URA;2;77;81,000;80,500;80,000;2011
URA;4;111;84,000;81,500;81,000;2010
URANIA SV;10;86;81,500;82,250;81,750;2023
URANIA SV;8;81;83,000;79,000;79,500;2019
URANIA SV;3;63;81,250;83,500;85,250;2015
URANIA SV;1;54;82,000;80,000;79,000;2012
URANIA SV;3;58;79,500;79,500;78,500;2011
URATGOS;1;73;80,000;81,000;81,000;2011
URATGOS;2;104;81,000;83,000;85,000;2010
URGENT GEA;12;76;77,500;77,000;79,000;2016
UTOPA TB;1;90;81,000;80,000;80,000;2013
UTOPA TB;1;61;77,500;83,000;78,500;2012
UTOPA TB;3;79;81,000;79,250;81,000;2011
UTOPA TB;3;115;79,500;87,000;82,000;2010
UVA YSL;5;99;80,000;83,000;81,500;2010
VALENTA TB;6;51;75,000;78,000;78,500;2013
VALENTA TB;10;60;76,000;78,500;77,000;2011
VALENTA TB;4;81;81,000;80,000;80,000;2010
VANIDOSA TB;5;77;77,500;80,500;78,000;2010
VELER;7;84;78,000;78,000;77,000;2010
VENT DEL NORT TR;9;75;80,500;80,000;79,500;2015
VENT DEL NORT TR;2;53;80,500;77,500;78,500;2013
VENT DEL NORT TR;5;58;76,000;75,500;78,000;2012
VENT DEL NORT TR;9;80;76,000;76,000;77,500;2011
VENT DEL NORT TR;8;87;76,000;76,000;80,500;2010
VENTRISCA MM;4;82;83,250;85,000;82,000;2022
VENTRISCA MM;2;79;82,000;82,250;83,000;2019
VENTRISCA MM;3;71;82,000;83,250;84,000;2018
VENTRISCA MM;4;45;78,000;79,000;79,000;2013
VENTRISCA MM;3;78;78,500;85,000;78,000;2010
VENTTO SV;5;54;77,000;78,500;78,000;2013
VENTURA YCR;9;61;78,000;78,250;76,000;2011
VENTURA YCR;2;80;81,500;82,000;81,000;2010
VESI;10;74;0,000;0,000;0,000;2015
VESI;5;65;77,000;80,500;80,000;2014
VESI;4;76;79,000;77,500;77,500;2013
VESI;5;72;79,000;79,000;77,500;2011
VESI;2;88;77,500;81,500;80,500;2010
VIBRANT HP;9;82;77,000;76,000;78,000;2010
VICTORIOS TC;9;64;73,500;75,500;75,500;2012
VICTORIOS TC;10;75;77,000;76,750;75,500;2011
VICU�A;7;76;77,500;74,000;74,000;2010
VIDA;8;61;83,250;80,000;83,000;2015
VIDA;2;49;79,000;79,500;78,500;2013
VIDA;5;65;77,500;80,250;78,500;2011
VIDA;1;79;82,000;82,500;83,000;2010
VINAGRETO TB;8;74;76,000;78,000;77,500;2011
VINAGRETO TB;5;85;76,000;80,000;79,500;2010
VINCLE;3;77;77,500;78,500;78,500;2013
VINGUT;5;75;76,000;79,000;78,500;2013
VINGUT;7;68;74,000;79,000;75,500;2012
VINGUT;4;83;78,500;78,000;80,000;2010
VINYETA;6;75;77,000;78,000;74,500;2010
VIOLAN DEL VENT;12;59;82,500;79,500;81,750;2015
VIOLAN DEL VENT;11;57;76,500;74,500;75,500;2011
VIRIATO;12;96;0,000;0,000;0,000;2019
VITAL ALLES;5;58;77,500;77,500;78,500;2013
VITAL ALLES;3;67;76,500;79,500;78,000;2012
VITAL ALLES;8;89;74,000;77,500;81,000;2010
VITRAC YSG;16;70;0,000;0,000;0,000;2013
VITRAC YSG;7;78;77,000;78,250;77,000;2011
VIVALDI;13;81;75,000;73,500;74,000;2011
VOLANTI;6;82;80,000;77,000;75,500;2011
VOLANTI;3;90;77,000;83,000;78,500;2010
VOLCARETA;9;60;83,000;82,000;80,750;2015
VOLTON;6;69;75,000;77,500;76,500;2012
VUDU GSM;6;86;79,000;78,000;78,000;2010
VULTOY;2;66;74,500;79,500;81,500;2012
VULTOY;6;71;79,000;76,500;77,000;2011
VULTOY;1;91;81,000;79,000;82,500;2010
XACARELLA YSG;4;58;80,500;80,500;79,000;2010
XALAM;12;94;0,000;0,000;0,000;2019
XALAM;8;81;82,000;79,500;77,500;2018
XALEST DEL VENT;10;70;73,500;74,000;77,500;2010
XALINA FR;4;57;78,500;81,000;80,500;2010
XAMBA JF;6;56;76,000;81,000;79,500;2010
XAMBONA;9;54;75,000;72,500;78,500;2010
XAPO JF;7;87;77,500;78,750;78,250;2017
XAPO JF;16;71;0,000;0,000;0,000;2013
XARATULA HP;5;47;75,500;77,500;77,000;2011
XARATULA HP;7;60;78,500;79,000;78,500;2010
XARCA;8;55;74,500;77,000;75,000;2010
XAROL;1;55;77,500;78,500;79,500;2011
XAROL;2;66;84,500;78,500;83,500;2010
XARXA DEL VENT;8;42;80,000;77,250;78,500;2014
XARXA DEL VENT;4;43;77,000;77,750;76,000;2011
XEF TB;5;68;78,500;76,500;81,500;2010
XEIF CN;8;72;82,500;80,000;77,750;2015
XENIU;10;65;75,500;76,000;78,000;2013
XENIU;4;73;78,500;80,000;81,000;2010
XERXA DE SON FELIP;2;53;78,500;84,000;78,500;2010
XIANA;4;57;81,250;84,000;84,250;2015
XIANA;1;43;84,250;82,000;82,000;2014
XIFONER TB;2;100;83,500;85,250;84,000;2023
XIFONER TB;6;95;78,000;81,750;77,500;2019
XIFONER TB;11;82;0,000;0,000;0,000;2018
XIFONER TB;4;88;81,500;80,000;80,000;2017
XIFONER TB;3;73;82,250;82,000;81,000;2016
XIFONER TB;7;73;79,500;81,000;81,000;2015
XIFONER TB;5;54;79,500;81,000;79,000;2014
XIFONER TB;6;69;78,000;77,000;77,500;2013
XIFONER TB;6;56;74,000;72,750;74,500;2011
XILEMA;9;50;74,500;76,500;76,000;2013
XIN XIN GSM;3;55;81,000;80,500;80,000;2014
XIN XIN GSM;1;56;80,500;78,000;78,500;2013
XIN XIN GSM;2;52;78,500;78,750;78,000;2011
XIN XIN GSM;5;69;77,000;79,000;80,500;2010
XINU TB;16;57;0,000;0,000;0,000;2013
XIP YCR;6;72;78,000;77,000;78,500;2010
XIPELLA SG;1;65;86,500;84,000;84,000;2016
XIPELLA SG;1;58;84,500;86,500;85,500;2015
XIPELLA SG;7;44;78,000;80,000;78,000;2014
XIPELLA SG;3;47;79,000;77,500;80,000;2013
XIPELLA SG;2;55;82,000;78,000;79,500;2012
XIPELLA SG;1;44;80,000;81,000;81,500;2011
XIPELLA SG;1;61;81,500;80,000;83,000;2010
XIPI;7;54;74,000;70,750;75,500;2011
XIPI;7;74;76,500;81,000;74,500;2010
XIRUCA TB;3;59;82,000;80,000;78,500;2010
XISPAT;7;56;77,500;79,000;79,000;2014
XISPAT;9;59;76,000;78,000;76,500;2013
XISPAT;1;64;84,500;79,000;84,500;2010
XIVITA;6;46;75,000;77,750;76,500;2011
XOCOLATI NEGRE;11;63;72,000;75,000;71,000;2010
XOP;9;71;75,500;75,500;76,000;2010
XORIC YSL;5;51;76,500;77,500;75,500;2011
XORIC YSL;3;65;79,000;80,500;81,000;2010
XOROLLA YCR;5;56;78,000;76,500;76,000;2012
XUBEC;5;71;81,500;82,000;79,500;2015
XUBECADA DP;4;78;82,000;81,250;80,000;2019
XUBECADA DP;8;70;80,000;81,750;82,000;2018
XUBECADA DP;6;78;79,500;78,500;78,500;2017
XUBECADA DP;4;64;83,500;80,500;80,000;2016
XUIT;4;50;75,500;77,250;79,000;2011
XULET;6;58;77,000;80,500;79,500;2014
XULET;5;72;78,000;78,500;77,000;2013
XULET;11;62;73,000;74,500;74,000;2012
XULETA BP;2;41;81,250;80,000;80,000;2014
XULETA BP;6;52;73,000;75,000;76,000;2012
XULETA BP;7;49;75,000;78,000;75,500;2011
XULI;4;51;77,000;79,500;78,500;2012
XULI;2;48;78,500;80,250;78,000;2011
XULI;5;62;81,500;78,500;78,500;2010
XUMET ALLES;8;59;75,500;76,500;75,000;2012
XURRA;8;52;75,500;77,500;77,000;2013
XURRA;3;45;76,500;79,250;77,000;2011
XURRO;3;91;80,500;83,000;80,000;2019
XURRO;3;83;83,000;83,500;82,500;2018
XURRO;2;89;86,500;80,500;82,750;2017
XURRO;4;74;83,500;81,000;80,500;2016
XURRO;1;57;82,500;83,000;83,000;2014
XURRO;10;63;74,500;76,000;73,500;2012
XURRO;3;53;77,000;78,000;77,500;2011
XURRO;8;67;80,500;75,500;75,000;2010
ZACARIAS TB;12;89;0,000;0,000;0,000;2019
ZACARIAS TB;13;68;0,000;0,000;0,000;2016
ZACARIAS TB;10;49;75,500;80,000;76,000;2014
ZACARIAS TB;4;40;75,500;76,500;75,500;2012
ZAFU;9;93;78,500;75,500;75,500;2019
ZAFU;11;68;75,000;77,500;76,500;2013
ZAFU;7;48;78,500;78,000;82,500;2010
ZAGA MS;8;10;79,500;80,000;78,500;2010
ZAHIN ASS;8;73;77,000;77,000;77,500;2013
ZAHIN ASS;7;32;76,000;76,500;74,000;2011
ZAHIN ASS;9;36;78,500;79,500;78,500;2010
ZAHIR;9;80;77,000;80,000;80,000;2018
ZAHIR;5;86;81,500;79,750;79,750;2017
ZAHIR;6;72;82,000;82,000;80,000;2016
ZAHIR;11;56;0,000;0,000;0,000;2015
ZAHIR;2;53;82,000;81,500;81,000;2014
ZAHIR;5;42;75,500;76,000;75,500;2012
ZAHIR;3;34;77,500;78,750;77,000;2011
ZAHIR;1;41;80,000;86,500;81,500;2010
ZAHOR YSG;12;29;78,000;79,500;77,000;2010
ZAHORI MB;11;28;76,500;81,000;77,500;2010
ZAICA YCR;15;18;78,000;75,500;79,000;2010
ZAIDA;13;22;78,000;76,500;79,000;2010
ZAIS NG;15;16;77,000;76,500;79,000;2010
ZALDI;11;42;74,000;73,500;74,500;2011
ZALDI;8;37;79,000;79,500;78,500;2010
ZALEA SC;1;67;82,000;84,750;85,000;2018
ZALEA SC;8;76;0,000;0,000;0,000;2017
ZALEA SC;4;40;79,000;79,500;81,000;2014
ZALEA SC;1;43;79,000;79,500;79,000;2013
ZALEA SC;2;39;77,500;78,500;77,000;2012
ZALEA SC;9;7;77,500;79,500;80,000;2010
ZAMBOMBA DP;7;71;81,500;81,000;82,000;2021
ZAMBOMBA DP;5;76;84,000;80,250;78,500;2019
ZAMBOMBA DP;6;68;81,500;80,750;82,250;2018
ZAMBOMBA DP;1;77;83,500;82,000;80,500;2017
ZAMBOMBA DP;5;63;82,500;81,000;80,000;2016
ZAMORANA;17;11;80,000;75,500;76,000;2010
ZAMPALO YK;9;48;74,000;74,000;73,500;2012
ZANIT GM;9;48;77,000;78,000;77,000;2014
ZANIT GM;11;66;75,000;77,500;76,500;2013
ZANIT GM;2;47;76,500;78,000;74,000;2012
ZANJA;7;4;78,500;80,000;80,000;2010
ZANTA SF;19;1;76,500;75,000;75,000;2010
ZAPING;12;41;71,500;72,250;73,000;2011
ZAPING;17;39;74,500;78,500;74,000;2010
ZAQUIR YCR;11;70;81,500;77,500;79,000;2016
ZAQUIR YCR;6;45;76,500;74,000;75,000;2012
ZAQUIR YCR;4;37;77,500;78,500;76,500;2011
ZAQUIR YCR;2;32;80,500;82,500;83,000;2010
ZAR;10;90;73,500;77,000;78,000;2019
ZAR;11;78;0,000;0,000;0,000;2018
ZAR;9;85;80,000;76,250;77,000;2017
ZAR;10;69;80,000;80,500;78,000;2016
ZAR MENORQUI;12;92;0,000;0,000;0,000;2019
ZARCILLO;10;43;75,000;71,500;71,500;2012
ZAREK LO;7;74;76,500;78,500;77,000;2013
ZAREK LO;7;41;72,500;75,000;77,000;2012
ZARGAI;10;53;76,500;78,500;78,000;2015
ZARGAI;15;60;72,500;74,500;77,000;2013
ZARINA;16;3;77,500;76,000;78,500;2010
ZARZAMORA;11;69;78,500;79,000;78,000;2018
ZARZAMORA;4;37;76,000;74,000;75,000;2012
ZAZA TB;9;15;77,000;78,500;81,500;2010
ZEA GEA;18;9;77,500;76,000;77,000;2010
ZEFIR JF;12;62;74,500;77,000;77,000;2013
ZEFIR JF;1;49;81,000;74,500;77,000;2012
ZEFIR JF;1;39;80,000;79,500;78,500;2011
ZEFIR JF;3;50;76,500;84,500;84,500;2010
ZELAN;14;42;76,500;79,000;76,500;2010
ZELANDA;1;24;79,000;79,000;77,000;2011
ZELLA FR;2;14;78,000;87,000;78,500;2010
ZELOSA BINIATRAM;6;29;74,500;75,000;74,500;2011
ZELOSA BINIATRAM;11;24;77,500;78,500;79,000;2010
ZEN;8;54;80,000;79,500;78,250;2015
ZENDAL SR;9;51;79,500;76,500;76,000;2014
ZENDAL SR;13;67;75,000;76,000;77,000;2013
ZETA;3;5;80,500;84,000;78,500;2010
ZEUS;7;79;79,500;81,500;79,000;2018
ZEUS;7;71;83,500;80,000;80,000;2016
ZEUS;5;55;80,000;79,000;81,250;2015
ZEUS;9;64;75,500;76,500;78,500;2013
ZEUS;8;50;76,000;76,000;72,000;2012
ZEUS;8;40;76,000;76,500;73,500;2011
ZEUS;13;47;77,000;77,500;78,500;2010
ZICO;15;38;77,500;77,500;76,500;2010
ZIDANE;5;31;77,000;77,000;76,500;2011
ZIDANE;8;35;76,500;80,500;80,000;2010
ZINGARO YCR;14;55;74,500;75,500;76,000;2013
ZINGLO;8;61;77,000;77,500;77,000;2013
ZINUS;6;30;77,000;76,000;75,000;2011
ZIPI SG;8;31;79,500;79,000;78,500;2010
ZIRCONITA;4;65;83,000;82,750;82,000;2018
ZIRCONITA;3;62;82,000;83,500;80,500;2016
ZIRCONITA;10;20;78,000;79,000;79,000;2010
ZIROCO;19;46;72,500;75,500;71,000;2010
ZITA GSM;2;25;78,000;78,000;78,500;2011
ZITA GSM;12;12;77,000;77,500;80,000;2010
ZOCO MS;11;26;78,000;80,000;77,000;2010
ZODIAC;12;50;76,000;77,000;73,500;2014
ZODIAC;9;35;73,500;76,000;75,000;2011
ZODIAC;10;45;80,000;77,500;78,000;2010
ZOOM FR;5;46;75,500;76,000;75,500;2012
ZOOM FR;2;33;78,000;79,000;78,000;2011
ZOOM FR;4;34;78,500;85,500;81,000;2010
ZORAIDA SF;7;66;82,500;79,750;82,000;2018
ZORAIDA SF;3;75;80,000;81,500;79,250;2017
ZORAIDA SF;9;39;78,500;77,750;77,500;2014
ZORAIDA SF;5;48;78,000;77,500;79,000;2013
ZORAIDA SF;4;17;79,500;83,750;79,500;2010
ZORZAL DE SON FELIP;5;63;76,500;79,000;78,000;2013
ZORZAL DE SON FELIP;7;40;77,500;83,500;78,000;2010
ZOWY MB;3;27;76,500;78,750;77,500;2011
ZOWY MB;1;6;80,000;87,000;80,500;2010
ZUCO RF;13;36;0,000;0,000;0,000;2011
ZUCO RF;5;49;78,000;84,000;80,500;2010
ZUIM FR;13;52;0,000;0,000;0,000;2014
ZULA;4;85;83,000;83,250;84,500;2023
ZULA;6;77;79,000;81,750;81,500;2019
ZULA;16;23;76,000;78,500;77,500;2010
ZULAICA LO;4;42;83,500;80,000;81,750;2015
ZULAICA LO;5;38;80,000;79,000;80,000;2014
ZULAICA LO;5;44;78,500;78,500;77,500;2013
ZULAICA LO;3;36;78,500;77,000;76,500;2012
ZULAICA LO;4;28;75,500;78,500;76,500;2011
ZULAICA LO;5;25;80,500;80,000;82,000;2010
ZULEIMA ST;6;19;78,500;82,500;79,000;2010
ZULEMA;5;26;73,000;76,750;75,000;2011
ZULEMA;14;13;78,000;77,500;77,500;2010
ZULU NG;18;52;76,500;75,000;74,500;2010
ZUM YCR;10;38;75,000;74,500;74,500;2011
ZUM YCR;9;43;77,000;81,500;78,000;2010
ZUMI HP;3;44;74,000;75,500;78,500;2012
ZURBI;6;44;80,500;82,000;78,000;2010
ZURICH DE SON FELIP;4;27;80,500;85,500;79,000;2010
ZURRAPA TB;10;75;78,000;78,250;79,000;2019
ZURRAPA TB;10;64;80,000;79,500;79,000;2018
ZURRAPA TB;4;74;79,000;80,850;80,000;2017
ZURRAPA TB;2;61;83,000;83,000;82,500;2016
ZURRAPA TB;6;37;78,000;79,750;79,000;2014
ZURRAPA TB;7;46;77,500;76,000;77,500;2013
ZURRAPA TB;1;38;79,000;80,000;77,500;2012